name,cagr,vol,sharpe,max_dd
Regime LS,0.03341145785603916,0.09845295852961672,0.38293617037246175,0.26907170654932955
Rotation,0.04800988514922433,0.0813776967969017,0.6170087034903979,0.17271619345203226
Buy&Hold XLV,0.1079163303489572,0.17060079146706653,0.6862476586181201,0.3917029815673648
Buy&Hold SPY,0.11047251130173463,0.1958326833930968,0.6331850577084777,0.5518944644252979
Equal-Weight HC,0.11075119337538197,0.19659695882914655,0.6329690009512755,0.41158790338960516
